﻿<?xml version="1.0" encoding="utf-8" ?>
<extension type="component" version="3.1.1" method="upgrade">
    <name>COM_DEPUT</name>
    <creationDate>October 2024</creationDate>
    <author>Egor</author>
    <authorEmail>mymail@mail.ru</authorEmail>
    <authorUrl>Http://webformayself.com</authorUrl>
    <license>111</license>
    <version>1.0.0</version>
    <description>COM_DEPUT_DESCRIPTION</description>

    <files folder="site">
        <folder>language</folder>
        <folder>models</folder>
        <folder>views</folder>
        <filename>deput.php</filename>
        <filename>controller.php</filename>
    </files>

    <languages folder="site/language"> 
        <language tag="ru-RU">ru-RU/ru-RU.com_deput.ini</language>

    </languages>
    <install>
        <sql>
            <file driver='mysql' charset="utf8">sql/install.mysql.utf8.sql</file>
        
        </sql>
    </install>
    <uninstall>
        <sql>
            <file driver='mysql' charset="utf8">sql/uninstall.mysql.utf8.sql</file>
        
        </sql>
    </uninstall>





    <administration>
        <menu link="index.php?option=com_deput">COM_DEPUT</menu>
        <files folder="admin">
            <folder>views</folder>
            <folder>models</folder>
            <folder>controllers</folder>
            <folder>language</folder>
            <folder>tables</folder>
            <folder>sql</folder>

           <filename>deput.php</filename>
           <filename>controller.php</filename>
        </files>
        <languages folder="admin/language"> 
            <language tag="ru-RU">ru-RU/ru-RU.com_deput.ini</language>
            <language tag="ru-RU">ru-RU/ru-RU.com_deput.sys.ini</language>
        </languages>

    </administration>
    







</extension>